-- MySQL dump 10.13  Distrib 8.0.27, for Linux (x86_64)
--
-- Host: localhost    Database: wesell
-- ------------------------------------------------------
-- Server version	8.0.27-0ubuntu0.20.04.1

/*!40101 SET @OLD_CHARACTER_SET_CLIENT=@@CHARACTER_SET_CLIENT */;
/*!40101 SET @OLD_CHARACTER_SET_RESULTS=@@CHARACTER_SET_RESULTS */;
/*!40101 SET @OLD_COLLATION_CONNECTION=@@COLLATION_CONNECTION */;
/*!50503 SET NAMES utf8mb4 */;
/*!40103 SET @OLD_TIME_ZONE=@@TIME_ZONE */;
/*!40103 SET TIME_ZONE='+00:00' */;
/*!40014 SET @OLD_UNIQUE_CHECKS=@@UNIQUE_CHECKS, UNIQUE_CHECKS=0 */;
/*!40014 SET @OLD_FOREIGN_KEY_CHECKS=@@FOREIGN_KEY_CHECKS, FOREIGN_KEY_CHECKS=0 */;
/*!40101 SET @OLD_SQL_MODE=@@SQL_MODE, SQL_MODE='NO_AUTO_VALUE_ON_ZERO' */;
/*!40111 SET @OLD_SQL_NOTES=@@SQL_NOTES, SQL_NOTES=0 */;

--
-- Table structure for table `bid_types`
--

DROP TABLE IF EXISTS `bid_types`;
/*!40101 SET @saved_cs_client     = @@character_set_client */;
/*!50503 SET character_set_client = utf8mb4 */;
CREATE TABLE `bid_types` (
  `id` bigint NOT NULL AUTO_INCREMENT,
  `name` varchar(40) COLLATE utf8mb4_general_ci NOT NULL,
  PRIMARY KEY (`id`)
) ENGINE=InnoDB AUTO_INCREMENT=3 DEFAULT CHARSET=utf8mb4 COLLATE=utf8mb4_general_ci;
/*!40101 SET character_set_client = @saved_cs_client */;

--
-- Dumping data for table `bid_types`
--

LOCK TABLES `bid_types` WRITE;
/*!40000 ALTER TABLE `bid_types` DISABLE KEYS */;
INSERT INTO `bid_types` VALUES (1,'Buy'),(2,'Sell');
/*!40000 ALTER TABLE `bid_types` ENABLE KEYS */;
UNLOCK TABLES;

--
-- Table structure for table `biddings`
--

DROP TABLE IF EXISTS `biddings`;
/*!40101 SET @saved_cs_client     = @@character_set_client */;
/*!50503 SET character_set_client = utf8mb4 */;
CREATE TABLE `biddings` (
  `id` bigint NOT NULL AUTO_INCREMENT,
  `price` int unsigned NOT NULL,
  `created_at` datetime(6) NOT NULL,
  `updated_at` datetime(6) NOT NULL,
  `bid_type_id` bigint NOT NULL,
  `productsize_id` bigint NOT NULL,
  `user_id` bigint NOT NULL,
  PRIMARY KEY (`id`),
  KEY `biddings_bid_type_id_10d7ee39_fk_bid_types_id` (`bid_type_id`),
  KEY `biddings_productsize_id_77f5ed2c_fk_products_sizes_id` (`productsize_id`),
  KEY `biddings_user_id_5154b7e9_fk_users_id` (`user_id`),
  CONSTRAINT `biddings_bid_type_id_10d7ee39_fk_bid_types_id` FOREIGN KEY (`bid_type_id`) REFERENCES `bid_types` (`id`),
  CONSTRAINT `biddings_productsize_id_77f5ed2c_fk_products_sizes_id` FOREIGN KEY (`productsize_id`) REFERENCES `products_sizes` (`id`),
  CONSTRAINT `biddings_user_id_5154b7e9_fk_users_id` FOREIGN KEY (`user_id`) REFERENCES `users` (`id`),
  CONSTRAINT `biddings_chk_1` CHECK ((`price` >= 0))
) ENGINE=InnoDB AUTO_INCREMENT=221 DEFAULT CHARSET=utf8mb4 COLLATE=utf8mb4_general_ci;
/*!40101 SET character_set_client = @saved_cs_client */;

--
-- Dumping data for table `biddings`
--

LOCK TABLES `biddings` WRITE;
/*!40000 ALTER TABLE `biddings` DISABLE KEYS */;
INSERT INTO `biddings` VALUES (1,335000,'2021-11-20 08:45:08.061045','2021-11-20 08:45:08.061124',1,1,1),(2,327000,'2021-11-20 08:45:08.066820','2021-11-20 08:45:08.066885',1,1,2),(3,345000,'2021-11-20 08:45:08.070365','2021-11-20 08:45:08.070428',1,1,3),(4,312000,'2021-11-20 08:45:08.073857','2021-11-20 08:45:08.073917',1,1,4),(5,332000,'2021-11-20 08:45:08.076924','2021-11-20 08:45:08.076985',1,1,5),(6,317000,'2021-11-20 08:45:08.080211','2021-11-20 08:45:08.080263',1,1,6),(7,320000,'2021-11-20 08:45:08.083773','2021-11-20 08:45:08.083846',1,1,7),(8,390000,'2021-11-20 08:45:08.086880','2021-11-20 08:45:08.086935',2,1,8),(9,354000,'2021-11-20 08:45:08.090448','2021-11-20 08:45:08.090504',2,1,9),(10,360000,'2021-11-20 08:45:08.093587','2021-11-20 08:45:08.093635',2,1,10),(11,356000,'2021-11-20 08:45:08.097006','2021-11-20 08:45:08.097062',2,1,9),(12,385000,'2021-11-20 08:45:08.101298','2021-11-20 08:45:08.101358',2,1,8),(13,351000,'2021-11-20 08:45:08.104796','2021-11-20 08:45:08.104929',2,1,7),(14,393000,'2021-11-20 08:45:08.108967','2021-11-20 08:45:08.109026',2,1,6),(15,369000,'2021-11-20 08:45:08.112807','2021-11-20 08:45:08.112862',1,2,5),(16,353000,'2021-11-20 08:45:08.116380','2021-11-20 08:45:08.116447',1,2,4),(17,354000,'2021-11-20 08:45:08.119945','2021-11-20 08:45:08.119992',1,2,3),(18,365000,'2021-11-20 08:45:08.123486','2021-11-20 08:45:08.123536',1,2,2),(19,380000,'2021-11-20 08:45:08.126378','2021-11-20 08:45:08.126446',1,2,1),(20,353000,'2021-11-20 08:45:08.129573','2021-11-20 08:45:08.129618',1,2,2),(21,384000,'2021-11-20 08:45:08.133202','2021-11-20 08:45:08.133260',1,2,3),(22,435000,'2021-11-20 08:45:08.136888','2021-11-20 08:45:08.136937',2,2,4),(23,427000,'2021-11-20 08:45:08.140885','2021-11-20 08:45:08.140940',2,2,5),(24,400000,'2021-11-20 08:45:08.144039','2021-11-20 08:45:08.144086',2,2,6),(25,425000,'2021-11-20 08:45:08.147238','2021-11-20 08:45:08.147299',2,2,7),(26,420000,'2021-11-20 08:45:08.150138','2021-11-20 08:45:08.150206',2,2,8),(27,406000,'2021-11-20 08:45:08.153034','2021-11-20 08:45:08.153082',2,2,9),(28,408000,'2021-11-20 08:45:08.155930','2021-11-20 08:45:08.155979',2,2,10),(29,425000,'2021-11-20 08:45:08.158749','2021-11-20 08:45:08.158799',1,3,9),(30,414000,'2021-11-20 08:45:08.162072','2021-11-20 08:45:08.162137',1,3,8),(31,395000,'2021-11-20 08:45:08.165325','2021-11-20 08:45:08.165373',1,3,7),(32,397000,'2021-11-20 08:45:08.168905','2021-11-20 08:45:08.168956',1,3,6),(33,392000,'2021-11-20 08:45:08.172943','2021-11-20 08:45:08.173003',1,3,5),(34,388000,'2021-11-20 08:45:08.176557','2021-11-20 08:45:08.176634',1,3,4),(35,383000,'2021-11-20 08:45:08.180035','2021-11-20 08:45:08.180090',1,3,3),(36,437000,'2021-11-20 08:45:08.183716','2021-11-20 08:45:08.183786',2,3,2),(37,466000,'2021-11-20 08:45:08.186795','2021-11-20 08:45:08.186847',2,3,1),(38,432000,'2021-11-20 08:45:08.189821','2021-11-20 08:45:08.189875',2,3,2),(39,465000,'2021-11-20 08:45:08.192923','2021-11-20 08:45:08.192976',2,3,3),(40,450000,'2021-11-20 08:45:08.195966','2021-11-20 08:45:08.196034',2,3,4),(41,432000,'2021-11-20 08:45:08.199839','2021-11-20 08:45:08.199904',2,3,5),(42,451000,'2021-11-20 08:45:08.203709','2021-11-20 08:45:08.203776',2,3,6),(43,453000,'2021-11-20 08:45:08.207502','2021-11-20 08:45:08.207548',1,4,7),(44,458000,'2021-11-20 08:45:08.210664','2021-11-20 08:45:08.210733',1,4,8),(45,423000,'2021-11-20 08:45:08.213762','2021-11-20 08:45:08.213808',1,4,9),(46,455000,'2021-11-20 08:45:08.216939','2021-11-20 08:45:08.217013',1,4,10),(47,423000,'2021-11-20 08:45:08.220168','2021-11-20 08:45:08.220221',1,4,9),(48,438000,'2021-11-20 08:45:08.224064','2021-11-20 08:45:08.224133',1,4,8),(49,445000,'2021-11-20 08:45:08.227651','2021-11-20 08:45:08.227707',1,4,7),(50,473000,'2021-11-20 08:45:08.230853','2021-11-20 08:45:08.230913',2,4,6),(51,464000,'2021-11-20 08:45:08.234527','2021-11-20 08:45:08.234583',2,4,5),(52,478000,'2021-11-20 08:45:08.238012','2021-11-20 08:45:08.238105',2,4,4),(53,491000,'2021-11-20 08:45:08.241652','2021-11-20 08:45:08.241707',2,4,2),(54,465000,'2021-11-20 08:45:08.245184','2021-11-20 08:45:08.245241',2,4,3),(55,485000,'2021-11-20 08:45:08.248816','2021-11-20 08:45:08.248875',2,4,4),(56,500000,'2021-11-20 08:45:08.254863','2021-11-20 08:45:08.254933',2,4,5),(57,529000,'2021-11-20 08:45:08.258387','2021-11-20 08:45:08.258442',1,5,6),(58,498000,'2021-11-20 08:45:08.261630','2021-11-20 08:45:08.261704',1,5,7),(59,496000,'2021-11-20 08:45:08.265638','2021-11-20 08:45:08.265724',1,5,8),(60,510000,'2021-11-20 08:45:08.270010','2021-11-20 08:45:08.270065',1,5,9),(61,490000,'2021-11-20 08:45:08.274110','2021-11-20 08:45:08.274180',1,5,10),(62,496000,'2021-11-20 08:45:08.278409','2021-11-20 08:45:08.278465',1,5,9),(63,528000,'2021-11-20 08:45:08.281850','2021-11-20 08:45:08.281906',1,5,8),(64,575000,'2021-11-20 08:45:08.285375','2021-11-20 08:45:08.285425',2,5,7),(65,531000,'2021-11-20 08:45:08.288572','2021-11-20 08:45:08.288648',2,5,6),(66,547000,'2021-11-20 08:45:08.292019','2021-11-20 08:45:08.292069',2,5,5),(67,545000,'2021-11-20 08:45:08.296575','2021-11-20 08:45:08.296685',2,5,4),(68,557000,'2021-11-20 08:45:08.301977','2021-11-20 08:45:08.302026',2,5,3),(69,541000,'2021-11-20 08:45:08.306404','2021-11-20 08:45:08.306460',2,5,2),(70,532000,'2021-11-20 08:45:08.314401','2021-11-20 08:45:08.314455',2,5,1),(71,1040000,'2021-11-20 08:45:08.317959','2021-11-20 08:45:08.318025',1,6,1),(72,1030000,'2021-11-20 08:45:08.321090','2021-11-20 08:45:08.321154',1,6,2),(73,1120000,'2021-11-20 08:45:08.325239','2021-11-20 08:45:08.325291',1,6,3),(74,1160000,'2021-11-20 08:45:08.329118','2021-11-20 08:45:08.329171',1,6,4),(75,1000000,'2021-11-20 08:45:08.333952','2021-11-20 08:45:08.334013',1,6,5),(76,1110000,'2021-11-20 08:45:08.337132','2021-11-20 08:45:08.337189',1,6,6),(77,1150000,'2021-11-20 08:45:08.340478','2021-11-20 08:45:08.340525',1,6,7),(78,1540000,'2021-11-20 08:45:08.344062','2021-11-20 08:45:08.344115',2,6,9),(79,1600000,'2021-11-20 08:45:08.347877','2021-11-20 08:45:08.347933',2,6,10),(80,1690000,'2021-11-20 08:45:08.351668','2021-11-20 08:45:08.351721',2,6,4),(81,1640000,'2021-11-20 08:45:08.354718','2021-11-20 08:45:08.354780',2,6,6),(82,1620000,'2021-11-20 08:45:08.358049','2021-11-20 08:45:08.358114',2,6,8),(83,1500000,'2021-11-20 08:45:08.361568','2021-11-20 08:45:08.361631',2,6,10),(84,1620000,'2021-11-20 08:45:08.365126','2021-11-20 08:45:08.365212',2,6,6),(85,1200000,'2021-11-20 08:45:08.369594','2021-11-20 08:45:08.369669',1,7,1),(86,1270000,'2021-11-20 08:45:08.374268','2021-11-20 08:45:08.374352',1,7,2),(87,1270000,'2021-11-20 08:45:08.377547','2021-11-20 08:45:08.377602',1,7,3),(88,1220000,'2021-11-20 08:45:08.380903','2021-11-20 08:45:08.380963',1,7,4),(89,1220000,'2021-11-20 08:45:08.384806','2021-11-20 08:45:08.384872',1,7,5),(90,1260000,'2021-11-20 08:45:08.388707','2021-11-20 08:45:08.388769',1,7,6),(91,1220000,'2021-11-20 08:45:08.392576','2021-11-20 08:45:08.392682',1,7,7),(92,1630000,'2021-11-20 08:45:08.396448','2021-11-20 08:45:08.396505',2,7,9),(93,1690000,'2021-11-20 08:45:08.400516','2021-11-20 08:45:08.400568',2,7,10),(94,1660000,'2021-11-20 08:45:08.404313','2021-11-20 08:45:08.404401',2,7,4),(95,1680000,'2021-11-20 08:45:08.408708','2021-11-20 08:45:08.408775',2,7,6),(96,1630000,'2021-11-20 08:45:08.412358','2021-11-20 08:45:08.412410',2,7,8),(97,1670000,'2021-11-20 08:45:08.415902','2021-11-20 08:45:08.415950',2,7,10),(98,1670000,'2021-11-20 08:45:08.419953','2021-11-20 08:45:08.420008',2,7,6),(99,1570000,'2021-11-20 08:45:08.423725','2021-11-20 08:45:08.423775',1,8,1),(100,1540000,'2021-11-20 08:45:08.426865','2021-11-20 08:45:08.426917',1,8,2),(101,1590000,'2021-11-20 08:45:08.430099','2021-11-20 08:45:08.430149',1,8,3),(102,1580000,'2021-11-20 08:45:08.433634','2021-11-20 08:45:08.433686',1,8,4),(103,1510000,'2021-11-20 08:45:08.437036','2021-11-20 08:45:08.437101',1,8,5),(104,1580000,'2021-11-20 08:45:08.440898','2021-11-20 08:45:08.440948',1,8,6),(105,1500000,'2021-11-20 08:45:08.445026','2021-11-20 08:45:08.445077',1,8,7),(106,1720000,'2021-11-20 08:45:08.448231','2021-11-20 08:45:08.448280',2,8,9),(107,1730000,'2021-11-20 08:45:08.451931','2021-11-20 08:45:08.451980',2,8,10),(108,1700000,'2021-11-20 08:45:08.455554','2021-11-20 08:45:08.455602',2,8,4),(109,1780000,'2021-11-20 08:45:08.458752','2021-11-20 08:45:08.458802',2,8,6),(110,1780000,'2021-11-20 08:45:08.462053','2021-11-20 08:45:08.462104',2,8,8),(111,1790000,'2021-11-20 08:45:08.465535','2021-11-20 08:45:08.465595',2,8,10),(112,1700000,'2021-11-20 08:45:08.468480','2021-11-20 08:45:08.468529',2,8,6),(113,1680000,'2021-11-20 08:45:08.472193','2021-11-20 08:45:08.472257',1,9,1),(114,1690000,'2021-11-20 08:45:08.476194','2021-11-20 08:45:08.476263',1,9,2),(115,1690000,'2021-11-20 08:45:08.480103','2021-11-20 08:45:08.480156',1,9,3),(116,1610000,'2021-11-20 08:45:08.483955','2021-11-20 08:45:08.484010',1,9,4),(117,1620000,'2021-11-20 08:45:08.487864','2021-11-20 08:45:08.487937',1,9,5),(118,1670000,'2021-11-20 08:45:08.491837','2021-11-20 08:45:08.491892',1,9,6),(119,1670000,'2021-11-20 08:45:08.495706','2021-11-20 08:45:08.495761',1,9,7),(120,1850000,'2021-11-20 08:45:08.499112','2021-11-20 08:45:08.499187',2,9,9),(121,1860000,'2021-11-20 08:45:08.502533','2021-11-20 08:45:08.502595',2,9,10),(122,1870000,'2021-11-20 08:45:08.506260','2021-11-20 08:45:08.506315',2,9,4),(123,1810000,'2021-11-20 08:45:08.510024','2021-11-20 08:45:08.510078',2,9,6),(124,1810000,'2021-11-20 08:45:08.513196','2021-11-20 08:45:08.513269',2,9,8),(125,1880000,'2021-11-20 08:45:08.516474','2021-11-20 08:45:08.516527',2,9,10),(126,1820000,'2021-11-20 08:45:08.520524','2021-11-20 08:45:08.520579',2,9,6),(127,1760000,'2021-11-20 08:45:08.524505','2021-11-20 08:45:08.524553',1,10,1),(128,1760000,'2021-11-20 08:45:08.528132','2021-11-20 08:45:08.528194',1,10,2),(129,1770000,'2021-11-20 08:45:08.531938','2021-11-20 08:45:08.532000',1,10,3),(130,1720000,'2021-11-20 08:45:08.535898','2021-11-20 08:45:08.535953',1,10,4),(131,1740000,'2021-11-20 08:45:08.539880','2021-11-20 08:45:08.539934',1,10,5),(132,1740000,'2021-11-20 08:45:08.543606','2021-11-20 08:45:08.543662',1,10,6),(133,1760000,'2021-11-20 08:45:08.547063','2021-11-20 08:45:08.547119',1,10,7),(134,1990000,'2021-11-20 08:45:08.550548','2021-11-20 08:45:08.550607',2,10,9),(135,1900000,'2021-11-20 08:45:08.553801','2021-11-20 08:45:08.553853',2,10,10),(136,1990000,'2021-11-20 08:45:08.556907','2021-11-20 08:45:08.556958',2,10,4),(137,1970000,'2021-11-20 08:45:08.560008','2021-11-20 08:45:08.560056',2,10,6),(138,1980000,'2021-11-20 08:45:08.562971','2021-11-20 08:45:08.563017',2,10,8),(139,1980000,'2021-11-20 08:45:08.566561','2021-11-20 08:45:08.566608',2,10,10),(140,1960000,'2021-11-20 08:45:08.569647','2021-11-20 08:45:08.569709',2,10,6),(141,279000,'2021-11-20 08:45:08.572950','2021-11-20 08:45:08.573001',1,11,1),(142,286000,'2021-11-20 08:45:08.576238','2021-11-20 08:45:08.576297',2,11,2),(143,243000,'2021-11-20 08:45:08.579592','2021-11-20 08:45:08.579640',1,12,3),(144,257000,'2021-11-20 08:45:08.582615','2021-11-20 08:45:08.582666',2,12,4),(145,1270000,'2021-11-20 08:45:08.585880','2021-11-20 08:45:08.585945',1,13,5),(146,1350000,'2021-11-20 08:45:08.589109','2021-11-20 08:45:08.589165',2,13,6),(147,3240000,'2021-11-20 08:45:08.592565','2021-11-20 08:45:08.592663',1,14,7),(148,3520000,'2021-11-20 08:45:08.596386','2021-11-20 08:45:08.596441',2,14,8),(149,870000,'2021-11-20 08:45:08.600368','2021-11-20 08:45:08.600413',1,15,9),(150,930000,'2021-11-20 08:45:08.604186','2021-11-20 08:45:08.604246',2,15,10),(151,430000,'2021-11-20 08:45:08.608058','2021-11-20 08:45:08.608100',1,16,1),(152,450000,'2021-11-20 08:45:08.611742','2021-11-20 08:45:08.611797',2,16,2),(153,120000,'2021-11-20 08:45:08.615034','2021-11-20 08:45:08.615088',1,17,3),(154,130000,'2021-11-20 08:45:08.618908','2021-11-20 08:45:08.618964',2,17,4),(155,170000,'2021-11-20 08:45:08.622501','2021-11-20 08:45:08.622557',1,18,5),(156,180000,'2021-11-20 08:45:08.625910','2021-11-20 08:45:08.625981',2,18,6),(157,123000,'2021-11-20 08:45:08.629159','2021-11-20 08:45:08.629210',1,19,7),(158,126000,'2021-11-20 08:45:08.632774','2021-11-20 08:45:08.632844',2,19,8),(159,8650000,'2021-11-20 08:45:08.636654','2021-11-20 08:45:08.636710',1,20,9),(160,9700000,'2021-11-20 08:45:08.640409','2021-11-20 08:45:08.640454',2,20,10),(161,670000,'2021-11-20 08:45:08.644229','2021-11-20 08:45:08.644274',1,21,9),(162,710000,'2021-11-20 08:45:08.647889','2021-11-20 08:45:08.647935',2,21,8),(163,320000,'2021-11-20 08:45:08.651332','2021-11-20 08:45:08.651396',1,22,7),(164,360000,'2021-11-20 08:45:08.654349','2021-11-20 08:45:08.654398',2,22,6),(165,430000,'2021-11-20 08:45:08.657665','2021-11-20 08:45:08.657725',1,23,5),(166,460000,'2021-11-20 08:45:08.661307','2021-11-20 08:45:08.661376',2,23,4),(167,560000,'2021-11-20 08:45:08.664838','2021-11-20 08:45:08.664943',1,24,3),(168,570000,'2021-11-20 08:45:08.668895','2021-11-20 08:45:08.668956',2,24,2),(169,1680000,'2021-11-20 08:45:08.672894','2021-11-20 08:45:08.672953',1,25,1),(170,1690000,'2021-11-20 08:45:08.676774','2021-11-20 08:45:08.676858',2,25,2),(171,1690000,'2021-11-20 08:45:08.680576','2021-11-20 08:45:08.680755',1,26,3),(172,1610000,'2021-11-20 08:45:08.684464','2021-11-20 08:45:08.684518',2,26,4),(173,1620000,'2021-11-20 08:45:08.688277','2021-11-20 08:45:08.688332',1,27,5),(174,1670000,'2021-11-20 08:45:08.692167','2021-11-20 08:45:08.692220',2,27,6),(175,1670000,'2021-11-20 08:45:08.695938','2021-11-20 08:45:08.695989',1,28,7),(176,1850000,'2021-11-20 08:45:08.699941','2021-11-20 08:45:08.699996',2,28,8),(177,1860000,'2021-11-20 08:45:08.703697','2021-11-20 08:45:08.703754',1,29,7),(178,1870000,'2021-11-20 08:45:08.706914','2021-11-20 08:45:08.706963',2,29,6),(179,1810000,'2021-11-20 08:45:08.710396','2021-11-20 08:45:08.710447',1,30,5),(180,1810000,'2021-11-20 08:45:08.713412','2021-11-20 08:45:08.713461',2,30,4),(181,1880000,'2021-11-20 08:45:08.716466','2021-11-20 08:45:08.716519',1,31,3),(182,1820000,'2021-11-20 08:45:08.719917','2021-11-20 08:45:08.719965',2,31,2),(183,1760000,'2021-11-20 08:45:08.723252','2021-11-20 08:45:08.723301',1,32,3),(184,1760000,'2021-11-20 08:45:08.726428','2021-11-20 08:45:08.726493',2,32,4),(185,1770000,'2021-11-20 08:45:08.729594','2021-11-20 08:45:08.729648',1,33,5),(186,1720000,'2021-11-20 08:45:08.733051','2021-11-20 08:45:08.733119',2,33,6),(187,1740000,'2021-11-20 08:45:08.737061','2021-11-20 08:45:08.737138',1,34,7),(188,1740000,'2021-11-20 08:45:08.740375','2021-11-20 08:45:08.740423',2,34,8),(189,1760000,'2021-11-20 08:45:08.743926','2021-11-20 08:45:08.743974',1,35,9),(190,1990000,'2021-11-20 08:45:08.746923','2021-11-20 08:45:08.746972',2,35,10),(191,1900000,'2021-11-20 08:45:08.750169','2021-11-20 08:45:08.750221',1,36,9),(192,1990000,'2021-11-20 08:45:08.753491','2021-11-20 08:45:08.753539',2,36,8),(193,1970000,'2021-11-20 08:45:08.756812','2021-11-20 08:45:08.756873',1,37,7),(194,1980000,'2021-11-20 08:45:08.760769','2021-11-20 08:45:08.760837',2,37,6),(195,1980000,'2021-11-20 08:45:08.764984','2021-11-20 08:45:08.765043',1,38,5),(196,1960000,'2021-11-20 08:45:08.768557','2021-11-20 08:45:08.768741',2,38,4),(197,279000,'2021-11-20 08:45:08.772417','2021-11-20 08:45:08.772469',1,39,3),(198,286000,'2021-11-20 08:45:08.776449','2021-11-20 08:45:08.776510',2,39,2),(199,243000,'2021-11-20 08:45:08.779873','2021-11-20 08:45:08.779920',1,40,1),(200,257000,'2021-11-20 08:45:08.782747','2021-11-20 08:45:08.782804',2,40,2),(201,1270000,'2021-11-20 08:45:08.785713','2021-11-20 08:45:08.785763',1,41,3),(202,1350000,'2021-11-20 08:45:08.788855','2021-11-20 08:45:08.788916',2,41,4),(203,3240000,'2021-11-20 08:45:08.791961','2021-11-20 08:45:08.792014',1,42,5),(204,3520000,'2021-11-20 08:45:08.795506','2021-11-20 08:45:08.795556',2,42,6),(205,870000,'2021-11-20 08:45:08.798625','2021-11-20 08:45:08.798670',1,43,7),(206,930000,'2021-11-20 08:45:08.801526','2021-11-20 08:45:08.801580',2,43,8),(207,430000,'2021-11-20 08:45:08.805298','2021-11-20 08:45:08.805380',1,44,9),(208,450000,'2021-11-20 08:45:08.809360','2021-11-20 08:45:08.809415',2,44,10),(209,120000,'2021-11-20 08:45:08.813200','2021-11-20 08:45:08.813254',1,45,9),(210,130000,'2021-11-20 08:45:08.817211','2021-11-20 08:45:08.817266',2,45,8),(211,170000,'2021-11-20 08:45:08.821109','2021-11-20 08:45:08.821165',1,46,7),(212,180000,'2021-11-20 08:45:08.824865','2021-11-20 08:45:08.824926',2,46,6),(213,123000,'2021-11-20 08:45:08.828578','2021-11-20 08:45:08.828799',1,47,5),(214,126000,'2021-11-20 08:45:08.832907','2021-11-20 08:45:08.832966',2,47,4),(215,8650000,'2021-11-20 08:45:08.836432','2021-11-20 08:45:08.836499',1,48,3),(216,9700000,'2021-11-20 08:45:08.840755','2021-11-20 08:45:08.840813',2,48,2),(217,670000,'2021-11-20 08:45:08.844290','2021-11-20 08:45:08.844344',1,49,2),(218,710000,'2021-11-20 08:45:08.849635','2021-11-20 08:45:08.849706',2,49,3),(219,320000,'2021-11-20 08:45:08.852957','2021-11-20 08:45:08.853008',1,50,4),(220,360000,'2021-11-20 08:45:08.856116','2021-11-20 08:45:08.856165',2,50,5);
/*!40000 ALTER TABLE `biddings` ENABLE KEYS */;
UNLOCK TABLES;

--
-- Table structure for table `brands`
--

DROP TABLE IF EXISTS `brands`;
/*!40101 SET @saved_cs_client     = @@character_set_client */;
/*!50503 SET character_set_client = utf8mb4 */;
CREATE TABLE `brands` (
  `id` bigint NOT NULL AUTO_INCREMENT,
  `name` varchar(40) COLLATE utf8mb4_general_ci NOT NULL,
  PRIMARY KEY (`id`)
) ENGINE=InnoDB AUTO_INCREMENT=6 DEFAULT CHARSET=utf8mb4 COLLATE=utf8mb4_general_ci;
/*!40101 SET character_set_client = @saved_cs_client */;

--
-- Dumping data for table `brands`
--

LOCK TABLES `brands` WRITE;
/*!40000 ALTER TABLE `brands` DISABLE KEYS */;
INSERT INTO `brands` VALUES (1,'Jordan'),(2,'Nike'),(3,'New Balance'),(4,'Adidas'),(5,'Vans');
/*!40000 ALTER TABLE `brands` ENABLE KEYS */;
UNLOCK TABLES;

--
-- Table structure for table `categories`
--

DROP TABLE IF EXISTS `categories`;
/*!40101 SET @saved_cs_client     = @@character_set_client */;
/*!50503 SET character_set_client = utf8mb4 */;
CREATE TABLE `categories` (
  `id` bigint NOT NULL AUTO_INCREMENT,
  `name` varchar(40) COLLATE utf8mb4_general_ci NOT NULL,
  PRIMARY KEY (`id`)
) ENGINE=InnoDB AUTO_INCREMENT=6 DEFAULT CHARSET=utf8mb4 COLLATE=utf8mb4_general_ci;
/*!40101 SET character_set_client = @saved_cs_client */;

--
-- Dumping data for table `categories`
--

LOCK TABLES `categories` WRITE;
/*!40000 ALTER TABLE `categories` DISABLE KEYS */;
INSERT INTO `categories` VALUES (1,'패션소품'),(2,'의류'),(3,'테크'),(4,'스니커즈'),(5,'라이프');
/*!40000 ALTER TABLE `categories` ENABLE KEYS */;
UNLOCK TABLES;

--
-- Table structure for table `comments`
--

DROP TABLE IF EXISTS `comments`;
/*!40101 SET @saved_cs_client     = @@character_set_client */;
/*!50503 SET character_set_client = utf8mb4 */;
CREATE TABLE `comments` (
  `id` bigint NOT NULL AUTO_INCREMENT,
  `content` varchar(2000) COLLATE utf8mb4_general_ci NOT NULL,
  `image_url` varchar(2000) COLLATE utf8mb4_general_ci DEFAULT NULL,
  `created_at` datetime(6) NOT NULL,
  `updated_at` datetime(6) NOT NULL,
  `review_id` bigint NOT NULL,
  `user_id` bigint NOT NULL,
  PRIMARY KEY (`id`),
  KEY `comments_review_id_a9dab31c_fk_reviews_id` (`review_id`),
  KEY `comments_user_id_b8fd0b64_fk_users_id` (`user_id`),
  CONSTRAINT `comments_review_id_a9dab31c_fk_reviews_id` FOREIGN KEY (`review_id`) REFERENCES `reviews` (`id`),
  CONSTRAINT `comments_user_id_b8fd0b64_fk_users_id` FOREIGN KEY (`user_id`) REFERENCES `users` (`id`)
) ENGINE=InnoDB AUTO_INCREMENT=3 DEFAULT CHARSET=utf8mb4 COLLATE=utf8mb4_general_ci;
/*!40101 SET character_set_client = @saved_cs_client */;

--
-- Dumping data for table `comments`
--

LOCK TABLES `comments` WRITE;
/*!40000 ALTER TABLE `comments` DISABLE KEYS */;
INSERT INTO `comments` VALUES (1,'잘생겼네요','','2021-11-24 11:51:37.259793','2021-11-24 11:51:37.259848',1,11),(2,'LGTM','','2021-11-24 12:49:23.283942','2021-11-24 12:49:23.284059',1,13);
/*!40000 ALTER TABLE `comments` ENABLE KEYS */;
UNLOCK TABLES;

--
-- Table structure for table `django_content_type`
--

DROP TABLE IF EXISTS `django_content_type`;
/*!40101 SET @saved_cs_client     = @@character_set_client */;
/*!50503 SET character_set_client = utf8mb4 */;
CREATE TABLE `django_content_type` (
  `id` int NOT NULL AUTO_INCREMENT,
  `app_label` varchar(100) COLLATE utf8mb4_general_ci NOT NULL,
  `model` varchar(100) COLLATE utf8mb4_general_ci NOT NULL,
  PRIMARY KEY (`id`),
  UNIQUE KEY `django_content_type_app_label_model_76bd3d3b_uniq` (`app_label`,`model`)
) ENGINE=InnoDB AUTO_INCREMENT=15 DEFAULT CHARSET=utf8mb4 COLLATE=utf8mb4_general_ci;
/*!40101 SET character_set_client = @saved_cs_client */;

--
-- Dumping data for table `django_content_type`
--

LOCK TABLES `django_content_type` WRITE;
/*!40000 ALTER TABLE `django_content_type` DISABLE KEYS */;
INSERT INTO `django_content_type` VALUES (12,'biddings','bidding'),(10,'biddings','bidtype'),(11,'biddings','order'),(1,'contenttypes','contenttype'),(4,'products','brand'),(5,'products','category'),(6,'products','product'),(9,'products','productimage'),(8,'products','productsize'),(7,'products','size'),(13,'reviews','comment'),(14,'reviews','review'),(2,'sessions','session'),(3,'users','user');
/*!40000 ALTER TABLE `django_content_type` ENABLE KEYS */;
UNLOCK TABLES;

--
-- Table structure for table `django_migrations`
--

DROP TABLE IF EXISTS `django_migrations`;
/*!40101 SET @saved_cs_client     = @@character_set_client */;
/*!50503 SET character_set_client = utf8mb4 */;
CREATE TABLE `django_migrations` (
  `id` bigint NOT NULL AUTO_INCREMENT,
  `app` varchar(255) COLLATE utf8mb4_general_ci NOT NULL,
  `name` varchar(255) COLLATE utf8mb4_general_ci NOT NULL,
  `applied` datetime(6) NOT NULL,
  PRIMARY KEY (`id`)
) ENGINE=InnoDB AUTO_INCREMENT=9 DEFAULT CHARSET=utf8mb4 COLLATE=utf8mb4_general_ci;
/*!40101 SET character_set_client = @saved_cs_client */;

--
-- Dumping data for table `django_migrations`
--

LOCK TABLES `django_migrations` WRITE;
/*!40000 ALTER TABLE `django_migrations` DISABLE KEYS */;
INSERT INTO `django_migrations` VALUES (1,'users','0001_initial','2021-11-17 11:57:14.939375'),(2,'products','0001_initial','2021-11-17 11:57:16.554599'),(3,'biddings','0001_initial','2021-11-17 11:57:17.961543'),(4,'contenttypes','0001_initial','2021-11-17 11:57:18.114210'),(5,'contenttypes','0002_remove_content_type_name','2021-11-17 11:57:18.403657'),(6,'sessions','0001_initial','2021-11-17 11:57:18.548998'),(7,'biddings','0002_auto_20211122_0914','2021-11-22 09:14:41.335710'),(8,'reviews','0001_initial','2021-11-24 06:46:41.964581');
/*!40000 ALTER TABLE `django_migrations` ENABLE KEYS */;
UNLOCK TABLES;

--
-- Table structure for table `django_session`
--

DROP TABLE IF EXISTS `django_session`;
/*!40101 SET @saved_cs_client     = @@character_set_client */;
/*!50503 SET character_set_client = utf8mb4 */;
CREATE TABLE `django_session` (
  `session_key` varchar(40) COLLATE utf8mb4_general_ci NOT NULL,
  `session_data` longtext COLLATE utf8mb4_general_ci NOT NULL,
  `expire_date` datetime(6) NOT NULL,
  PRIMARY KEY (`session_key`),
  KEY `django_session_expire_date_a5c62663` (`expire_date`)
) ENGINE=InnoDB DEFAULT CHARSET=utf8mb4 COLLATE=utf8mb4_general_ci;
/*!40101 SET character_set_client = @saved_cs_client */;

--
-- Dumping data for table `django_session`
--

LOCK TABLES `django_session` WRITE;
/*!40000 ALTER TABLE `django_session` DISABLE KEYS */;
/*!40000 ALTER TABLE `django_session` ENABLE KEYS */;
UNLOCK TABLES;

--
-- Table structure for table `orders`
--

DROP TABLE IF EXISTS `orders`;
/*!40101 SET @saved_cs_client     = @@character_set_client */;
/*!50503 SET character_set_client = utf8mb4 */;
CREATE TABLE `orders` (
  `id` bigint NOT NULL AUTO_INCREMENT,
  `status` varchar(40) COLLATE utf8mb4_general_ci NOT NULL,
  `price` int unsigned NOT NULL,
  `created_at` date NOT NULL,
  `updated_at` date NOT NULL,
  `buyer_id` bigint NOT NULL,
  `productsize_id` bigint NOT NULL,
  `seller_id` bigint NOT NULL,
  PRIMARY KEY (`id`),
  KEY `orders_buyer_id_3d1f9476_fk_users_id` (`buyer_id`),
  KEY `orders_productsize_id_25c7a725_fk_products_sizes_id` (`productsize_id`),
  KEY `orders_seller_id_81350599_fk_users_id` (`seller_id`),
  CONSTRAINT `orders_buyer_id_3d1f9476_fk_users_id` FOREIGN KEY (`buyer_id`) REFERENCES `users` (`id`),
  CONSTRAINT `orders_productsize_id_25c7a725_fk_products_sizes_id` FOREIGN KEY (`productsize_id`) REFERENCES `products_sizes` (`id`),
  CONSTRAINT `orders_seller_id_81350599_fk_users_id` FOREIGN KEY (`seller_id`) REFERENCES `users` (`id`),
  CONSTRAINT `orders_chk_1` CHECK ((`price` >= 0))
) ENGINE=InnoDB AUTO_INCREMENT=141 DEFAULT CHARSET=utf8mb4 COLLATE=utf8mb4_general_ci;
/*!40101 SET character_set_client = @saved_cs_client */;

--
-- Dumping data for table `orders`
--

LOCK TABLES `orders` WRITE;
/*!40000 ALTER TABLE `orders` DISABLE KEYS */;
INSERT INTO `orders` VALUES (1,'거래완료',378000,'2021-11-01','2021-11-01',1,1,2),(2,'거래완료',341000,'2021-11-01','2021-11-01',2,1,3),(3,'거래완료',388000,'2021-11-02','2021-11-02',3,1,4),(4,'거래완료',366000,'2021-11-02','2021-11-02',4,1,5),(5,'거래완료',396000,'2021-11-03','2021-11-03',5,1,6),(6,'거래완료',398000,'2021-11-03','2021-11-03',6,1,7),(7,'거래완료',334000,'2021-11-04','2021-11-04',7,1,8),(8,'거래완료',336000,'2021-11-04','2021-11-04',8,1,9),(9,'거래완료',337000,'2021-11-05','2021-11-05',9,1,10),(10,'거래완료',383000,'2021-11-05','2021-11-05',10,1,1),(11,'거래완료',319000,'2021-11-06','2021-11-06',9,1,2),(12,'거래완료',318000,'2021-11-06','2021-11-06',8,1,3),(13,'거래완료',388000,'2021-11-07','2021-11-07',7,1,4),(14,'거래완료',327000,'2021-11-07','2021-11-07',6,1,5),(15,'거래완료',440000,'2021-11-01','2021-11-01',5,2,6),(16,'거래완료',422000,'2021-11-01','2021-11-01',4,2,7),(17,'거래완료',371000,'2021-11-02','2021-11-02',3,2,8),(18,'거래완료',390000,'2021-11-02','2021-11-02',2,2,9),(19,'거래완료',427000,'2021-11-03','2021-11-03',1,2,10),(20,'거래완료',447000,'2021-11-03','2021-11-03',1,2,2),(21,'거래완료',389000,'2021-11-04','2021-11-04',2,2,3),(22,'거래완료',420000,'2021-11-04','2021-11-04',3,2,4),(23,'거래완료',390000,'2021-11-05','2021-11-05',4,2,5),(24,'거래완료',445000,'2021-11-05','2021-11-05',5,2,6),(25,'거래완료',407000,'2021-11-06','2021-11-06',6,2,7),(26,'거래완료',429000,'2021-11-06','2021-11-06',7,2,8),(27,'거래완료',431000,'2021-11-07','2021-11-07',8,2,9),(28,'거래완료',386000,'2021-11-07','2021-11-07',9,2,10),(29,'거래완료',471000,'2021-11-01','2021-11-01',1,3,2),(30,'거래완료',406000,'2021-11-01','2021-11-01',2,3,3),(31,'거래완료',443000,'2021-11-02','2021-11-02',3,3,4),(32,'거래완료',479000,'2021-11-02','2021-11-02',4,3,5),(33,'거래완료',471000,'2021-11-03','2021-11-03',5,3,6),(34,'거래완료',404000,'2021-11-03','2021-11-03',6,3,7),(35,'거래완료',429000,'2021-11-04','2021-11-04',7,3,8),(36,'거래완료',396000,'2021-11-04','2021-11-04',8,3,9),(37,'거래완료',476000,'2021-11-05','2021-11-05',9,3,10),(38,'거래완료',464000,'2021-11-05','2021-11-05',10,3,1),(39,'거래완료',430000,'2021-11-06','2021-11-06',9,3,2),(40,'거래완료',381000,'2021-11-06','2021-11-06',8,3,3),(41,'거래완료',464000,'2021-11-07','2021-11-07',7,3,4),(42,'거래완료',444000,'2021-11-07','2021-11-07',6,3,5),(43,'거래완료',440000,'2021-11-01','2021-11-01',5,4,6),(44,'거래완료',411000,'2021-11-01','2021-11-01',4,4,7),(45,'거래완료',488000,'2021-11-02','2021-11-02',3,4,8),(46,'거래완료',500000,'2021-11-02','2021-11-02',2,4,9),(47,'거래완료',410000,'2021-11-03','2021-11-03',1,4,10),(48,'거래완료',484000,'2021-11-03','2021-11-03',1,4,2),(49,'거래완료',483000,'2021-11-04','2021-11-04',2,4,3),(50,'거래완료',411000,'2021-11-04','2021-11-04',3,4,4),(51,'거래완료',430000,'2021-11-05','2021-11-05',4,4,5),(52,'거래완료',464000,'2021-11-05','2021-11-05',5,4,6),(53,'거래완료',432000,'2021-11-06','2021-11-06',6,4,7),(54,'거래완료',446000,'2021-11-06','2021-11-06',7,4,8),(55,'거래완료',443000,'2021-11-07','2021-11-07',8,4,9),(56,'거래완료',415000,'2021-11-07','2021-11-07',9,4,10),(57,'거래완료',558000,'2021-11-01','2021-11-01',1,5,2),(58,'거래완료',503000,'2021-11-01','2021-11-01',2,5,3),(59,'거래완료',560000,'2021-11-02','2021-11-02',3,5,4),(60,'거래완료',486000,'2021-11-02','2021-11-02',4,5,5),(61,'거래완료',535000,'2021-11-03','2021-11-03',5,5,6),(62,'거래완료',549000,'2021-11-03','2021-11-03',6,5,7),(63,'거래완료',497000,'2021-11-04','2021-11-04',7,5,8),(64,'거래완료',480000,'2021-11-04','2021-11-04',8,5,9),(65,'거래완료',499000,'2021-11-05','2021-11-05',9,5,10),(66,'거래완료',528000,'2021-11-05','2021-11-05',10,5,1),(67,'거래완료',546000,'2021-11-06','2021-11-06',9,5,2),(68,'거래완료',553000,'2021-11-06','2021-11-06',8,5,3),(69,'거래완료',528000,'2021-11-07','2021-11-07',7,5,4),(70,'거래완료',551000,'2021-11-07','2021-11-07',6,5,5),(71,'거래완료',1490000,'2021-11-01','2021-11-01',1,6,2),(72,'거래완료',1270000,'2021-11-01','2021-11-01',2,6,3),(73,'거래완료',1420000,'2021-11-02','2021-11-02',3,6,4),(74,'거래완료',1200000,'2021-11-02','2021-11-02',4,6,5),(75,'거래완료',1330000,'2021-11-03','2021-11-03',5,6,6),(76,'거래완료',1470000,'2021-11-03','2021-11-03',6,6,7),(77,'거래완료',1300000,'2021-11-04','2021-11-04',7,6,8),(78,'거래완료',1450000,'2021-11-04','2021-11-04',8,6,9),(79,'거래완료',1410000,'2021-11-05','2021-11-05',9,6,10),(80,'거래완료',1320000,'2021-11-05','2021-11-05',2,6,4),(81,'거래완료',1260000,'2021-11-06','2021-11-06',4,6,6),(82,'거래완료',1490000,'2021-11-06','2021-11-06',6,6,8),(83,'거래완료',1480000,'2021-11-07','2021-11-07',8,6,10),(84,'거래완료',1300000,'2021-11-07','2021-11-07',3,6,6),(85,'거래완료',1430000,'2021-11-01','2021-11-01',1,7,2),(86,'거래완료',1460000,'2021-11-01','2021-11-01',2,7,3),(87,'거래완료',1400000,'2021-11-02','2021-11-02',3,7,4),(88,'거래완료',1390000,'2021-11-02','2021-11-02',4,7,5),(89,'거래완료',1310000,'2021-11-03','2021-11-03',5,7,6),(90,'거래완료',1570000,'2021-11-03','2021-11-03',6,7,7),(91,'거래완료',1330000,'2021-11-04','2021-11-04',7,7,8),(92,'거래완료',1390000,'2021-11-04','2021-11-04',8,7,9),(93,'거래완료',1350000,'2021-11-05','2021-11-05',9,7,10),(94,'거래완료',1410000,'2021-11-05','2021-11-05',2,7,4),(95,'거래완료',1480000,'2021-11-06','2021-11-06',4,7,6),(96,'거래완료',1590000,'2021-11-06','2021-11-06',6,7,8),(97,'거래완료',1540000,'2021-11-07','2021-11-07',8,7,10),(98,'거래완료',1400000,'2021-11-07','2021-11-07',3,7,6),(99,'거래완료',1650000,'2021-11-01','2021-11-01',1,8,2),(100,'거래완료',1680000,'2021-11-01','2021-11-01',2,8,3),(101,'거래완료',1630000,'2021-11-02','2021-11-02',3,8,4),(102,'거래완료',1670000,'2021-11-02','2021-11-02',4,8,5),(103,'거래완료',1660000,'2021-11-03','2021-11-03',5,8,6),(104,'거래완료',1660000,'2021-11-03','2021-11-03',6,8,7),(105,'거래완료',1620000,'2021-11-04','2021-11-04',7,8,8),(106,'거래완료',1690000,'2021-11-04','2021-11-04',8,8,9),(107,'거래완료',1660000,'2021-11-05','2021-11-05',9,8,10),(108,'거래완료',1680000,'2021-11-05','2021-11-05',2,8,4),(109,'거래완료',1600000,'2021-11-06','2021-11-06',4,8,6),(110,'거래완료',1640000,'2021-11-06','2021-11-06',6,8,8),(111,'거래완료',1610000,'2021-11-07','2021-11-07',8,8,10),(112,'거래완료',1610000,'2021-11-07','2021-11-07',3,8,6),(113,'거래완료',1730000,'2021-11-01','2021-11-01',1,9,2),(114,'거래완료',1730000,'2021-11-01','2021-11-01',2,9,3),(115,'거래완료',1720000,'2021-11-02','2021-11-02',3,9,4),(116,'거래완료',1710000,'2021-11-02','2021-11-02',4,9,5),(117,'거래완료',1760000,'2021-11-03','2021-11-03',5,9,6),(118,'거래완료',1720000,'2021-11-03','2021-11-03',6,9,7),(119,'거래완료',1780000,'2021-11-04','2021-11-04',7,9,8),(120,'거래완료',1750000,'2021-11-04','2021-11-04',8,9,9),(121,'거래완료',1740000,'2021-11-05','2021-11-05',9,9,10),(122,'거래완료',1770000,'2021-11-05','2021-11-05',2,9,4),(123,'거래완료',1770000,'2021-11-06','2021-11-06',4,9,6),(124,'거래완료',1700000,'2021-11-06','2021-11-06',6,9,8),(125,'거래완료',1720000,'2021-11-07','2021-11-07',8,9,10),(126,'거래완료',1710000,'2021-11-07','2021-11-07',3,9,6),(127,'거래완료',1820000,'2021-11-01','2021-11-01',1,10,2),(128,'거래완료',1810000,'2021-11-01','2021-11-01',2,10,3),(129,'거래완료',1850000,'2021-11-02','2021-11-02',3,10,4),(130,'거래완료',1800000,'2021-11-02','2021-11-02',4,10,5),(131,'거래완료',1840000,'2021-11-03','2021-11-03',5,10,6),(132,'거래완료',1860000,'2021-11-03','2021-11-03',6,10,7),(133,'거래완료',1840000,'2021-11-04','2021-11-04',7,10,8),(134,'거래완료',1820000,'2021-11-04','2021-11-04',8,10,9),(135,'거래완료',1810000,'2021-11-05','2021-11-05',9,10,10),(136,'거래완료',1830000,'2021-11-05','2021-11-05',2,10,4),(137,'거래완료',1800000,'2021-11-06','2021-11-06',4,10,6),(138,'거래완료',1810000,'2021-11-06','2021-11-06',6,10,8),(139,'거래완료',1840000,'2021-11-07','2021-11-07',8,10,10),(140,'거래완료',1830000,'2021-11-07','2021-11-07',3,10,6);
/*!40000 ALTER TABLE `orders` ENABLE KEYS */;
UNLOCK TABLES;

--
-- Table structure for table `product_images`
--

DROP TABLE IF EXISTS `product_images`;
/*!40101 SET @saved_cs_client     = @@character_set_client */;
/*!50503 SET character_set_client = utf8mb4 */;
CREATE TABLE `product_images` (
  `id` bigint NOT NULL AUTO_INCREMENT,
  `url` varchar(2000) COLLATE utf8mb4_general_ci NOT NULL,
  `product_id` bigint NOT NULL,
  PRIMARY KEY (`id`),
  KEY `product_images_product_id_28ebf5f0_fk_products_id` (`product_id`),
  CONSTRAINT `product_images_product_id_28ebf5f0_fk_products_id` FOREIGN KEY (`product_id`) REFERENCES `products` (`id`)
) ENGINE=InnoDB AUTO_INCREMENT=25 DEFAULT CHARSET=utf8mb4 COLLATE=utf8mb4_general_ci;
/*!40101 SET character_set_client = @saved_cs_client */;

--
-- Dumping data for table `product_images`
--

LOCK TABLES `product_images` WRITE;
/*!40000 ALTER TABLE `product_images` DISABLE KEYS */;
INSERT INTO `product_images` VALUES (1,'https://github.com/Gyubs/django_setting_prcatice/blob/main/10_1.jpg?raw=true',1),(2,'https://github.com/Gyubs/django_setting_prcatice/blob/main/10_3.jpg?raw=true',1),(3,'https://github.com/Gyubs/django_setting_prcatice/blob/main/11_1.jpg?raw=true',2),(4,'https://github.com/Gyubs/django_setting_prcatice/blob/main/11_2.jpg?raw=true',2),(5,'https://github.com/Gyubs/django_setting_prcatice/blob/main/12_1.jpg?raw=true',3),(6,'https://github.com/Gyubs/django_setting_prcatice/blob/main/12_2.jpg?raw=true',3),(7,'https://github.com/Gyubs/django_setting_prcatice/blob/main/1_1.jpg?raw=true',4),(8,'https://github.com/Gyubs/django_setting_prcatice/blob/main/1_3.jpg?raw=true',4),(9,'https://github.com/Gyubs/django_setting_prcatice/blob/main/2_1.jpg?raw=true',5),(10,'https://github.com/Gyubs/django_setting_prcatice/blob/main/2_2.jpg?raw=true',5),(11,'https://github.com/Gyubs/django_setting_prcatice/blob/main/3_1.jpg?raw=true',6),(12,'https://github.com/Gyubs/django_setting_prcatice/blob/main/3_2.jpg?raw=true',6),(13,'https://github.com/Gyubs/django_setting_prcatice/blob/main/4_1.jpg?raw=true',7),(14,'https://github.com/Gyubs/django_setting_prcatice/blob/main/4_2.jpg?raw=true',7),(15,'https://github.com/Gyubs/django_setting_prcatice/blob/main/5_2.jpg?raw=true',8),(16,'https://github.com/Gyubs/django_setting_prcatice/blob/main/5_3.jpg?raw=true',8),(17,'https://github.com/Gyubs/django_setting_prcatice/blob/main/6_1.jpg?raw=true',9),(18,'https://github.com/Gyubs/django_setting_prcatice/blob/main/6_2%5C.jpg?raw=true',9),(19,'https://github.com/Gyubs/django_setting_prcatice/blob/main/7_1.jpg?raw=true',10),(20,'https://github.com/Gyubs/django_setting_prcatice/blob/main/7_2.jpg?raw=true',10),(21,'https://github.com/Gyubs/django_setting_prcatice/blob/main/8_1.jpg?raw=true',11),(22,'https://github.com/Gyubs/django_setting_prcatice/blob/main/8_2.jpg?raw=true',11),(23,'https://github.com/Gyubs/django_setting_prcatice/blob/main/9_2.jpg?raw=true',12),(24,'https://github.com/Gyubs/django_setting_prcatice/blob/main/9_3.jpg?raw=true',12);
/*!40000 ALTER TABLE `product_images` ENABLE KEYS */;
UNLOCK TABLES;

--
-- Table structure for table `products`
--

DROP TABLE IF EXISTS `products`;
/*!40101 SET @saved_cs_client     = @@character_set_client */;
/*!50503 SET character_set_client = utf8mb4 */;
CREATE TABLE `products` (
  `id` bigint NOT NULL AUTO_INCREMENT,
  `en_name` varchar(100) COLLATE utf8mb4_general_ci NOT NULL,
  `ko_name` varchar(100) COLLATE utf8mb4_general_ci NOT NULL,
  `model_number` varchar(40) COLLATE utf8mb4_general_ci NOT NULL,
  `color` varchar(40) COLLATE utf8mb4_general_ci NOT NULL,
  `release_date` date NOT NULL,
  `release_price` int unsigned NOT NULL,
  `fast_shipping` tinyint(1) DEFAULT NULL,
  `brand_id` bigint NOT NULL,
  `category_id` bigint NOT NULL,
  PRIMARY KEY (`id`),
  KEY `products_brand_id_7e90a5c4_fk_brands_id` (`brand_id`),
  KEY `products_category_id_a7a3a156_fk_categories_id` (`category_id`),
  CONSTRAINT `products_brand_id_7e90a5c4_fk_brands_id` FOREIGN KEY (`brand_id`) REFERENCES `brands` (`id`),
  CONSTRAINT `products_category_id_a7a3a156_fk_categories_id` FOREIGN KEY (`category_id`) REFERENCES `categories` (`id`),
  CONSTRAINT `products_chk_1` CHECK ((`release_price` >= 0))
) ENGINE=InnoDB AUTO_INCREMENT=13 DEFAULT CHARSET=utf8mb4 COLLATE=utf8mb4_general_ci;
/*!40101 SET character_set_client = @saved_cs_client */;

--
-- Dumping data for table `products`
--

LOCK TABLES `products` WRITE;
/*!40000 ALTER TABLE `products` DISABLE KEYS */;
INSERT INTO `products` VALUES (1,'Jordan 1 Retro High OG Bordeaux','조던 1 레트로 하이 OG 보르도','555088-611','BORDEAUX/WHITE-METALLIC SILVER','2021-11-15',199000,1,1,4),(2,'Jordan 1 x Travis Scott x Fragment Retro Low OG SP Military Blue','조던 1 x 트래비스 스캇 x 프라그먼트 레트로 로우 OG SP 밀리터리 블루','DM7866-140','SAIL/BLACK/MILITARY BLUE','2021-08-13',189000,0,1,4),(3,'Nike Dunk Low Retro Black','나이키 덩크 로우 레트로 블랙','DD1391-100','WHITE/BLACK','2021-01-14',119000,1,2,4),(4,'Nike x Sacai x Undercover LDWaffle Black Bright Citron','나이키 x 사카이 x 언더커버 LD와플 블랙 브라이트 시트론','DJ4877-001','BLACK/SAIL/DARK GREY/BRIGHT CITRON','2021-10-29',209000,0,2,4),(5,'New Balance 992 Made in USA Grey - D Standard','뉴발란스 992 메이드 인 USA 그레이 - D 스탠다드','M992GR','GREY','2020-04-13',259000,1,3,4),(6,'New Balance 327 White Black','뉴발란스 327 화이트 블랙','MS327FE','SEA SALT/BLACK','2021-01-15',109000,0,3,4),(7,'Adidas Yeezy Boost 350 V2 MX Oat','아디다스 이지 부스트 350 V2 믹스 오트','GW3773','MX OAT/MX OAT/MX OAT','2021-10-23',289000,1,4,4),(8,'Adidas Superstar Premium Black White','아디다스 슈퍼스타 프리미엄 블랙 화이트','FV2832','CORE BLACK/CRYSTAL WHITE/BLUE','2020-07-08',118000,0,4,4),(9,'Vans Checkerboard Comfycush One Black','반스 체커보드 컴피쿠시 원 블랙','VN0A45J5R6R','BLACK/MARSHMALLOW','2018-10-02',109000,1,5,4),(10,'Vans x Supreme Skate Grosso Mid Monogram S Logo Royal','반스 x 슈프림 스케이트 그로소 미드 모노그램 S 로고 로얄','VN0A5KS15YE','ROYAL/WHITE','2021-06-17',130000,0,5,4),(11,'Jordan 36th star Edtion','조던 36번째 스타 에디션','YONG123','RED','2021-07-10',1200000,1,1,4),(12,'NIke Nike Nike zzang','나이키 나이키 나이키 짱','GUY123','BLUE','2021-08-11',1700000,0,2,4);
/*!40000 ALTER TABLE `products` ENABLE KEYS */;
UNLOCK TABLES;

--
-- Table structure for table `products_sizes`
--

DROP TABLE IF EXISTS `products_sizes`;
/*!40101 SET @saved_cs_client     = @@character_set_client */;
/*!50503 SET character_set_client = utf8mb4 */;
CREATE TABLE `products_sizes` (
  `id` bigint NOT NULL AUTO_INCREMENT,
  `product_id` bigint NOT NULL,
  `size_id` bigint NOT NULL,
  PRIMARY KEY (`id`),
  KEY `products_sizes_product_id_2e2d0557_fk_products_id` (`product_id`),
  KEY `products_sizes_size_id_d19716a2_fk_sizes_id` (`size_id`),
  CONSTRAINT `products_sizes_product_id_2e2d0557_fk_products_id` FOREIGN KEY (`product_id`) REFERENCES `products` (`id`),
  CONSTRAINT `products_sizes_size_id_d19716a2_fk_sizes_id` FOREIGN KEY (`size_id`) REFERENCES `sizes` (`id`)
) ENGINE=InnoDB AUTO_INCREMENT=61 DEFAULT CHARSET=utf8mb4 COLLATE=utf8mb4_general_ci;
/*!40101 SET character_set_client = @saved_cs_client */;

--
-- Dumping data for table `products_sizes`
--

LOCK TABLES `products_sizes` WRITE;
/*!40000 ALTER TABLE `products_sizes` DISABLE KEYS */;
INSERT INTO `products_sizes` VALUES (1,1,1),(2,1,2),(3,1,3),(4,1,4),(5,1,5),(6,2,1),(7,2,2),(8,2,3),(9,2,4),(10,2,5),(11,3,1),(12,3,2),(13,3,3),(14,3,4),(15,3,5),(16,4,1),(17,4,2),(18,4,3),(19,4,4),(20,4,5),(21,5,1),(22,5,2),(23,5,3),(24,5,4),(25,5,5),(26,6,1),(27,6,2),(28,6,3),(29,6,4),(30,6,5),(31,7,1),(32,7,2),(33,7,3),(34,7,4),(35,7,5),(36,8,1),(37,8,2),(38,8,3),(39,8,4),(40,8,5),(41,9,1),(42,9,2),(43,9,3),(44,9,4),(45,9,5),(46,10,1),(47,10,2),(48,10,3),(49,10,4),(50,10,5),(51,11,1),(52,11,2),(53,11,3),(54,11,4),(55,11,5),(56,12,1),(57,12,2),(58,12,3),(59,12,4),(60,12,5);
/*!40000 ALTER TABLE `products_sizes` ENABLE KEYS */;
UNLOCK TABLES;

--
-- Table structure for table `reviews`
--

DROP TABLE IF EXISTS `reviews`;
/*!40101 SET @saved_cs_client     = @@character_set_client */;
/*!50503 SET character_set_client = utf8mb4 */;
CREATE TABLE `reviews` (
  `id` bigint NOT NULL AUTO_INCREMENT,
  `content` varchar(2000) COLLATE utf8mb4_general_ci NOT NULL,
  `image_url` varchar(2000) COLLATE utf8mb4_general_ci DEFAULT NULL,
  `created_at` datetime(6) NOT NULL,
  `updated_at` datetime(6) NOT NULL,
  `product_id` bigint NOT NULL,
  `user_id` bigint NOT NULL,
  PRIMARY KEY (`id`),
  KEY `reviews_product_id_d4b78cfe_fk_products_id` (`product_id`),
  KEY `reviews_user_id_c23b0903_fk_users_id` (`user_id`),
  CONSTRAINT `reviews_product_id_d4b78cfe_fk_products_id` FOREIGN KEY (`product_id`) REFERENCES `products` (`id`),
  CONSTRAINT `reviews_user_id_c23b0903_fk_users_id` FOREIGN KEY (`user_id`) REFERENCES `users` (`id`)
) ENGINE=InnoDB AUTO_INCREMENT=8 DEFAULT CHARSET=utf8mb4 COLLATE=utf8mb4_general_ci;
/*!40101 SET character_set_client = @saved_cs_client */;

--
-- Dumping data for table `reviews`
--

LOCK TABLES `reviews` WRITE;
/*!40000 ALTER TABLE `reviews` DISABLE KEYS */;
INSERT INTO `reviews` VALUES (1,'지완님 멋있는 사진','https://github.com/Gyubs/project_WESELL_images/blob/main/%EC%A7%80%EC%99%84%EB%8B%98%20%EB%A9%8B%EC%9E%88%EB%8A%94%20%EC%82%AC%EC%A7%84.png?raw=true','2021-11-24 11:49:00.096240','2021-11-24 11:49:00.096280',1,1),(2,'단체 사진','https://github.com/Gyubs/project_WESELL_images/blob/main/%EB%8B%A8%EC%B2%B4.jpg?raw=true','2021-11-24 11:49:00.107279','2021-11-24 11:49:00.107334',2,2),(3,'지원님 사진','https://github.com/Gyubs/project_WESELL_images/blob/main/%EC%A7%80%EC%9B%90%EB%8B%98.jpg?raw=true','2021-11-24 11:49:00.110944','2021-11-24 11:49:00.110997',3,3),(4,'재우님 사진','https://github.com/Gyubs/project_WESELL_images/blob/main/%EC%9E%AC%EC%9A%B0%EB%8B%98.jpg?raw=true','2021-11-24 11:49:00.114185','2021-11-24 11:49:00.114240',4,4),(5,'대현님 사진','https://github.com/Gyubs/project_WESELL_images/blob/main/%EB%8C%80%ED%98%84%EB%8B%98.jpg?raw=true','2021-11-24 11:49:00.117255','2021-11-24 11:49:00.117309',5,5),(6,'규빈님 사진','https://github.com/Gyubs/project_WESELL_images/blob/main/%EB%82%98.jpg?raw=true','2021-11-24 11:49:00.120449','2021-11-24 11:49:00.120514',6,6),(7,'원철님 사진','https://github.com/Gyubs/project_WESELL_images/blob/main/%EC%9B%90%EC%B2%A0%EB%8B%98.jpg?raw=true','2021-11-24 11:49:00.124532','2021-11-24 11:49:00.124588',7,7);
/*!40000 ALTER TABLE `reviews` ENABLE KEYS */;
UNLOCK TABLES;

--
-- Table structure for table `sizes`
--

DROP TABLE IF EXISTS `sizes`;
/*!40101 SET @saved_cs_client     = @@character_set_client */;
/*!50503 SET character_set_client = utf8mb4 */;
CREATE TABLE `sizes` (
  `id` bigint NOT NULL AUTO_INCREMENT,
  `name` varchar(40) COLLATE utf8mb4_general_ci NOT NULL,
  PRIMARY KEY (`id`)
) ENGINE=InnoDB AUTO_INCREMENT=6 DEFAULT CHARSET=utf8mb4 COLLATE=utf8mb4_general_ci;
/*!40101 SET character_set_client = @saved_cs_client */;

--
-- Dumping data for table `sizes`
--

LOCK TABLES `sizes` WRITE;
/*!40000 ALTER TABLE `sizes` DISABLE KEYS */;
INSERT INTO `sizes` VALUES (1,'230'),(2,'240'),(3,'250'),(4,'260'),(5,'270');
/*!40000 ALTER TABLE `sizes` ENABLE KEYS */;
UNLOCK TABLES;

--
-- Table structure for table `users`
--

DROP TABLE IF EXISTS `users`;
/*!40101 SET @saved_cs_client     = @@character_set_client */;
/*!50503 SET character_set_client = utf8mb4 */;
CREATE TABLE `users` (
  `id` bigint NOT NULL AUTO_INCREMENT,
  `kakao` varchar(100) COLLATE utf8mb4_general_ci NOT NULL,
  `email` varchar(100) COLLATE utf8mb4_general_ci NOT NULL,
  `size` int unsigned DEFAULT NULL,
  `created_at` datetime(6) NOT NULL,
  `updated_at` datetime(6) NOT NULL,
  PRIMARY KEY (`id`),
  UNIQUE KEY `email` (`email`),
  CONSTRAINT `users_chk_1` CHECK ((`size` >= 0))
) ENGINE=InnoDB AUTO_INCREMENT=15 DEFAULT CHARSET=utf8mb4 COLLATE=utf8mb4_general_ci;
/*!40101 SET character_set_client = @saved_cs_client */;

--
-- Dumping data for table `users`
--

LOCK TABLES `users` WRITE;
/*!40000 ALTER TABLE `users` DISABLE KEYS */;
INSERT INTO `users` VALUES (1,'','kim@naver.com',270,'2021-11-17 11:57:45.004767','2021-11-17 11:57:45.004846'),(2,'','lee@naver.com',230,'2021-11-17 11:57:45.025797','2021-11-17 11:57:45.025849'),(3,'','park@naver.com',240,'2021-11-17 11:57:45.038242','2021-11-17 11:57:45.038296'),(4,'','choi@naver.com',250,'2021-11-17 11:57:45.050985','2021-11-17 11:57:45.051046'),(5,'','kang@naver.com',260,'2021-11-17 11:57:45.064269','2021-11-17 11:57:45.064324'),(6,'','jang@naver.com',270,'2021-11-17 11:57:45.074765','2021-11-17 11:57:45.074818'),(7,'','han@naver.com',230,'2021-11-17 11:57:45.088445','2021-11-17 11:57:45.088501'),(8,'','jeon@naver.com',240,'2021-11-17 11:57:45.099578','2021-11-17 11:57:45.099636'),(9,'','lim@naver.com',250,'2021-11-17 11:57:45.113202','2021-11-17 11:57:45.113266'),(10,'','kwon@naver.com',260,'2021-11-17 11:57:45.124101','2021-11-17 11:57:45.124156'),(11,'1547717464','jamessoun93@gmail.com',NULL,'2021-11-18 08:56:09.600178','2021-11-18 08:56:09.600246'),(12,'1997170357','b1851@daum.net',NULL,'2021-11-18 10:54:08.231703','2021-11-18 10:54:08.231773'),(13,'1997428394','kkgi1234@naver.com',NULL,'2021-11-18 13:19:59.888630','2021-11-18 13:19:59.888712'),(14,'1997968582','33dung@naver.com',NULL,'2021-11-19 02:32:51.689906','2021-11-19 02:32:51.689977');
/*!40000 ALTER TABLE `users` ENABLE KEYS */;
UNLOCK TABLES;
/*!40103 SET TIME_ZONE=@OLD_TIME_ZONE */;

/*!40101 SET SQL_MODE=@OLD_SQL_MODE */;
/*!40014 SET FOREIGN_KEY_CHECKS=@OLD_FOREIGN_KEY_CHECKS */;
/*!40014 SET UNIQUE_CHECKS=@OLD_UNIQUE_CHECKS */;
/*!40101 SET CHARACTER_SET_CLIENT=@OLD_CHARACTER_SET_CLIENT */;
/*!40101 SET CHARACTER_SET_RESULTS=@OLD_CHARACTER_SET_RESULTS */;
/*!40101 SET COLLATION_CONNECTION=@OLD_COLLATION_CONNECTION */;
/*!40111 SET SQL_NOTES=@OLD_SQL_NOTES */;

-- Dump completed on 2021-11-25 10:16:22
